,Movie,LeadStudio,Genre,RottenTomatoes,AudienceScore,WorldGross,Budget,Year,Ganancia,Exitosa
0,Spider-Man 3,Sony,Action,61.0,54.0,890.87,258.0,2007,632.87,True
1,Shrek the Third,Paramount,Animation,42.0,57.0,798.96,160.0,2007,638.96,False
2,Transformers,Paramount,Action,57.0,89.0,709.71,150.0,2007,559.71,False
3,Pirates of the Caribbean: At World's End,Disney,Action,45.0,74.0,963.42,300.0,2007,663.42,False
4,Harry Potter and the Order of the Phoenix,Warner Bros,Adventure,78.0,82.0,939.89,150.0,2007,789.89,True
5,I Am Legend,Warner Bros,Thriller,69.0,69.0,585.35,150.0,2007,435.35,True
6,The Bourne Ultimatum,Universal,Thriller,93.0,91.0,442.82,110.0,2007,332.82,True
7,National Treasure: Book of Secrets,Disney,Thriller,31.0,72.0,457.36,130.0,2007,327.36,False
8,Alvin and the Chipmunks,Fox,Animation,26.0,73.0,361.34,70.0,2007,291.34,False
9,300,Warner Bros,Action,60.0,90.0,456.07,65.0,2007,391.07,True
10,Ratatouille,Disney,Animation,97.0,84.0,623.72,150.0,2007,473.72,True
11,The Simpsons Movie,Fox,Comedy,90.0,78.0,527.07,75.0,2007,452.07000000000005,True
12,Wild Hogs,Disney,Comedy,14.0,72.0,253.62,90.0,2007,163.62,False
13,Knocked Up,Universal,Comedy,91.0,83.0,219.08,33.0,2007,186.08,True
14,Juno,Fox,Comedy,94.0,89.0,231.41,7.5,2007,223.91,True
15,Rush Hour 3,Warner Bros,Action,20.0,68.0,258.02,140.0,2007,118.01999999999998,False
16,Live Free or Die Hard,Fox,Action,79.0,86.0,383.53,110.0,2007,273.53,True
17,Fantastic Four: Rise of the Silver Surfer,Fox,Action,35.0,55.0,289.05,130.0,2007,159.05,False
18,American Gangster,Universal,Thriller,79.0,87.0,266.46,100.0,2007,166.45999999999998,True
19,Enchanted,Disney,Comedy,93.0,80.0,340.49,85.0,2007,255.49,True
20,Bee Movie,Paramount,Animation,52.0,57.0,287.59,150.0,2007,137.58999999999997,False
21,Superbad,Sony,Comedy,88.0,87.0,169.87,20.0,2007,149.87,True
22,I Now Pronounce You Chuck and Larry,Universal,Comedy,13.0,73.0,186.07,85.0,2007,101.07,False
23,Hairspray,Warner Bros,Musical,92.0,84.0,202.55,75.0,2007,127.55000000000001,True
24,Blades of Glory,Paramount,Comedy,69.0,66.0,145.71,61.0,2007,84.71000000000001,True
25,Ocean's 13,Warner Bros,Thriller,70.0,74.0,311.31,85.0,2007,226.31,True
26,Ghost Rider,Sony,Action,28.0,56.0,228.74,110.0,2007,118.74000000000001,False
27,Evan Almighty,Universal,Comedy,23.0,56.0,173.42,175.0,2007,-1.5800000000000125,False
28,Meet the Robinsons,Disney,Animation,66.0,75.0,169.33,100.0,2007,69.33000000000001,True
29,Norbit,Paramount,Comedy,9.0,56.0,159.31,60.0,2007,99.31,False
30,The Bucket List,Warner Bros,Drama,41.0,81.0,175.37,45.0,2007,130.37,False
31,The Game Plan,Disney,Comedy,27.0,75.0,147.88,22.0,2007,125.88,False
32,Beowulf,Paramount,Action,71.0,52.0,196.39,150.0,2007,46.389999999999986,True
33,Disturbia,Paramount,Thriller,67.0,75.0,117.76,20.0,2007,97.76,True
34,No Country for Old Men,Paramount,Drama,95.0,84.0,171.63,25.0,2007,146.63,True
35,The Golden Compass,Warner Bros,Action,42.0,55.0,372.23,180.0,2007,192.23000000000002,False
36,Charlie Wilson's War,Universal,Biography,82.0,73.0,119.0,75.0,2007,44.0,True
37,Saw IV,Independent,Horror,18.0,70.0,139.35,10.0,2007,129.35,False
38,Stomp the Yard,Independent,Musical,27.0,83.0,75.51,14.0,2007,61.510000000000005,False
39,Surf's Up,Sony,Animation,78.0,64.0,149.04,85.0,2007,64.03999999999999,True
40,Halloween,Weinstein,Horror,26.0,64.0,80.25,20.0,2007,60.25,False
41,Tyler Perry's Why Did I get Married,Independent,Romance,46.0,47.0,55.86,15.0,2007,40.86,False
42,TMNT,Desconocido,Action,33.0,63.0,95.61,35.0,2007,60.61,False
43,P.S. I Love You,Independent,Romance,21.0,82.0,156.83,30.0,2007,126.83000000000001,False
44,3:10 to Yuma,Lionsgate,Adventure,88.0,85.0,70.02,48.0,2007,22.019999999999996,True
45,Sweeney Todd: The Demon Barber of Fleet Street,Warner Bros,Musical,86.0,81.0,152.52,50.0,2007,102.52000000000001,True
46,Music and Lyrics,Warner Bros,Romance,63.0,70.0,145.9,40.0,2007,105.9,True
47,Michael Clayton,Independent,Thriller,90.0,72.0,92.99,25.0,2007,67.99,True
48,Premonition,Sony,Drama,8.0,55.0,84.15,20.0,2007,64.15,False
49,The Kingdom,Desconocido,Action,52.0,78.0,86.66,80.0,2007,6.659999999999997,False
50,Shooter,Paramount,Action,47.0,82.0,95.7,61.0,2007,34.7,False
51,License to Wed,Warner Bros,Comedy,8.0,55.0,69.31,35.0,2007,34.31,False
52,No Reservations,Desconocido,Comedy,39.0,64.0,92.6,28.0,2007,64.6,False
53,Alien vs. Predator -- Requiem,Fox,Horror,14.0,37.0,128.88,40.0,2007,88.88,False
54,There Will Be Blood,Paramount,Drama,91.0,84.0,76.18,25.0,2007,51.18000000000001,True
55,Epic Movie,Independent,Comedy,2.0,38.0,86.87,20.0,2007,66.87,False
56,Hitman,Fox,Action,15.0,61.0,99.97,17.5,2007,82.47,False
57,30 Days of Night,Independent,Horror,50.0,57.0,75.5,32.0,2007,43.5,False
58,Stardust,Paramount,Adventure,76.0,86.0,135.56,70.0,2007,65.56,True
59,The Brave One,Desconocido,Action,43.0,65.0,69.79,70.0,2007,-0.20999999999999375,False
60,The Heartbreak Kid,Paramount,Comedy,30.0,41.0,127.77,60.0,2007,67.77,False
61,Smokin' Aces,Universal,Action,27.0,64.0,57.1,17.0,2007,40.1,False
62,Good Luck Chuck,Lionsgate,Comedy,3.0,61.0,59.19,25.0,2007,34.19,False
63,Zodiac,Paramount,Thriller,89.0,73.0,84.79,65.0,2007,19.790000000000006,True
64,Mr. Magorium's Wonder Emporium,Independent,Fantasy,36.0,56.0,69.47,25.0,2007,44.47,False
65,We Own the Night,Sony,Drama,55.0,63.0,54.93,21.0,2007,33.93,False
66,Mr. Brooks,MGM,Thriller,56.0,75.0,48.12,20.0,2007,28.119999999999997,False
67,The Nanny Diaries,Weinstein,Comedy,33.0,52.0,47.74,20.0,2007,27.740000000000002,False
68,Nancy Drew,Independent,Thriller,49.0,61.0,30.67,20.0,2007,10.670000000000002,False
69,The Mist,Weinstein,Horror,72.0,64.0,57.29,18.0,2007,39.29,True
70,The Reaping,Desconocido,Horror,9.0,53.0,62.77,40.0,2007,22.770000000000003,False
71,Grindhouse,Weinstein,Action,82.0,86.0,25.42,53.0,2007,-27.58,True
72,Sicko,Weinstein,Documentary,93.0,87.0,36.09,9.0,2007,27.090000000000003,True
73,Across the Universe,Independent,Romance,54.0,84.0,29.37,45.0,2007,-15.629999999999999,False
74,The Hills Have Eyes 2,Independent,Horror,11.0,50.0,37.47,15.0,2007,22.47,False
75,Vacancy,Sony,Comedy,55.0,46.0,35.3,19.0,2007,16.299999999999997,False
76,Waitress,Independent,Romance,89.0,67.0,22.18,2.0,2007,20.18,True
77,Into the Wild,Paramount,Drama,82.0,90.0,56.25,15.0,2007,41.25,True
78,Walk Hard: The Dewey Cox Story,Sony,Comedy,75.0,55.0,20.58,35.0,2007,-14.420000000000002,True
79,Next,Paramount,Thriller,29.0,59.0,76.07,70.0,2007,6.069999999999993,False
80,Hostel: Part II,Lionsgate,Horror,44.0,45.0,35.62,10.0,2007,25.619999999999997,False
81,The Kite Runner,Paramount,Drama,66.0,85.0,73.28,20.0,2007,53.28,True
82,Happily N'Ever After,Lionsgate,Animation,4.0,43.0,38.09,47.0,2007,-8.909999999999997,False
83,The Invasion,Warner Bros,Thriller,19.0,43.0,40.17,80.0,2007,-39.83,False
84,Lions for Lambs,Independent,Drama,27.0,48.0,63.22,35.0,2007,28.22,False
85,Daddy Day Camp,Sony,Comedy,1.0,63.0,18.2,6.0,2007,12.2,False
86,Shoot 'Em Up,Warner Bros,Action,67.0,66.0,26.82,39.0,2007,-12.18,True
87,The Darjeeling Limited,Fox,Drama,67.0,79.0,35.08,17.5,2007,17.58,True
88,In the Land of Women,Warner Bros,Comedy,43.0,72.0,17.56,10.0,2007,7.559999999999999,False
89,Dragon Wars (aka D-War),Mediaplex,Action,27.0,44.0,75.11,75.0,2007,0.10999999999999943,False
90,Pathfinder: Legend of the Ghost Warrior,Desconocido,Action,11.0,41.0,30.82,26.0,2007,4.82,False
91,The Dark Knight,Warner Bros,Thriller,94.0,96.0,1004.56,185.0,2008,819.56,True
92,Iron Man,Paramount,Action,94.0,91.0,585.52,186.0,2008,399.52,True
93,Indiana Jones and the Kingdom of the Crystal Skull,Paramount,Action,77.0,59.0,786.64,185.0,2008,601.64,True
94,Hancock,Sony,Action,40.0,67.0,624.39,150.0,2008,474.39,False
95,WALL-E,Disney,Animation,96.0,89.0,521.31,180.0,2008,341.30999999999995,True
96,Kung Fu Panda,Paramount,Animation,88.0,83.0,631.74,200.0,2008,431.74,True
97,Madagascar: Escape 2 Africa,Paramount,Animation,64.0,73.0,603.9,150.0,2008,453.9,True
98,Twilight,Summit,Romance,49.0,82.0,392.62,37.0,2008,355.62,False
99,Quantum of Solace,MGM,Action,64.0,62.0,586.09,230.0,2008,356.09000000000003,True
100,Dr. Seuss' Horton Hears a Who!,Fox,Animation,79.0,75.0,297.14,85.0,2008,212.14,True
101,Sex and the City,Warner Bros,Comedy,49.0,81.0,415.25,57.5,2008,357.75,False
102,Gran Torino,Warner Bros,Drama,80.0,90.0,269.96,33.0,2008,236.95999999999998,True
103,Mamma Mia!,Universal,Comedy,53.0,76.0,609.84,66.0,2008,543.84,False
104,The Chronicles of Narnia: Prince Caspian,Disney,Action,66.0,78.0,419.67,200.0,2008,219.67000000000002,True
105,Slumdog Millionaire,Independent,Crime,94.0,90.0,377.91,15.0,2008,362.91,True
106,The Incredible Hulk,Universal,Action,67.0,75.0,263.43,137.5,2008,125.93,True
107,Wanted,Universal,Action,73.0,72.0,341.43,75.0,2008,266.43,True
108,Get Smart,Warner Bros,Action,51.0,73.0,230.69,80.0,2008,150.69,False
109,Four Christmases,Warner Bros,Comedy,26.0,52.0,163.73,80.0,2008,83.72999999999999,False
110,Tropic Thunder,Paramount,Comedy,83.0,69.0,188.07,90.0,2008,98.07,True
111,Bedtime Stories,Disney,Comedy,25.0,63.0,212.87,80.0,2008,132.87,False
112,Bolt,Disney,Animation,89.0,76.0,309.98,150.0,2008,159.98000000000002,True
113,Marley and Me,Fox,Comedy,63.0,77.0,242.72,55.0,2008,187.72,True
114,The Mummy: Tomb of the Dragon Emperor,Universal,Action,14.0,40.0,401.13,145.0,2008,256.13,False
115,Journey to the Center of the Earth,Warner Bros,Action,61.0,55.0,241.99,45.0,2008,196.99,True
116,Eagle Eye,Paramount,Action,27.0,72.0,178.07,80.0,2008,98.07,False
117,Step Brothers,Sony,Comedy,54.0,68.0,128.11,65.0,2008,63.110000000000014,False
118,You Don't Mess with the Zohan,Sony,Comedy,36.0,50.0,199.94,80.0,2008,119.94,False
119,Yes Man,Warner Bros,Comedy,43.0,72.0,223.24,70.0,2008,153.24,False
120,"10,000 B.C.",Warner Bros,Adventure,9.0,44.0,269.78,105.0,2008,164.77999999999997,False
121,Beverly Hills Chihuahua,Disney,Adventure,41.0,56.0,149.28,20.0,2008,129.28,False
122,High School Musical 3: Senior Year,Disney,Comedy,65.0,76.0,252.91,11.0,2008,241.91,True
123,Pineapple Express,Sony,Action,68.0,74.0,101.62,26.0,2008,75.62,True
124,Valkyrie,MGM,Thriller,58.0,66.0,200.28,75.0,2008,125.28,False
125,21,Sony,Crime,35.0,73.0,157.93,35.0,2008,122.93,False
126,What Happens in Vegas,Fox,Comedy,28.0,72.0,219.38,35.0,2008,184.38,False
127,Jumper,Fox,Action,16.0,50.0,222.23,82.5,2008,139.73,False
128,Cloverfield,Paramount,Action,77.0,67.0,170.76,25.0,2008,145.76,True
129,The Curious Case of Benjamin Button,Warner Bros,Fantasy,73.0,81.0,333.93,160.0,2008,173.93,True
130,27 Dresses,Fox,Comedy,40.0,71.0,160.26,30.0,2008,130.26,False
131,Hellboy II: The Golden Army,Universal,Action,87.0,70.0,160.39,82.5,2008,77.88999999999999,True
132,The Day the Earth Stood Still,Fox,Thriller,19.0,34.0,233.09,100.0,2008,133.09,False
133,Vantage Point,Sony,Desconocido,35.0,61.0,151.16,40.0,2008,111.16,False
134,The Spiderwick Chronicles,Paramount,Fantasy,79.0,67.0,162.84,92.5,2008,70.34,True
135,Fool's Gold,Warner Bros,Adventure,11.0,53.0,111.23,72.5,2008,38.730000000000004,False
136,Role Models,Universal,Comedy,77.0,75.0,92.38,28.0,2008,64.38,True
137,The Happening,Fox,Thriller,19.0,29.0,163.4,48.0,2008,115.4,False
138,Forgetting Sarah Marshall,Independent,Comedy,85.0,75.0,105.17,30.0,2008,75.17,True
139,Burn After Reading,Relativity Media,Comedy,78.0,64.0,163.72,37.0,2008,126.72,True
140,Baby Mama,Independent,Comedy,63.0,59.0,64.16,70.0,2008,-5.840000000000003,True
141,Seven Pounds,Sony,Drama,27.0,77.0,168.17,55.0,2008,113.16999999999999,False
142,Step Up 2: The Streets,Disney,Drama,26.0,81.0,150.82,17.5,2008,133.32,False
143,Saw V,Independent,Crime,13.0,63.0,113.86,10.8,2008,103.06,False
144,The Strangers,Relativity Media,Horror,44.0,48.0,82.39,9.0,2008,73.39,False
145,The Forbidden Kingdom,Relativity Media,Action,64.0,65.0,127.98,55.0,2008,72.98,True
146,The Tale of Despereaux,Universal,Animation,54.0,46.0,86.95,55.0,2008,31.950000000000003,False
147,The House Bunny,Sony,Comedy,39.0,54.0,70.44,25.0,2008,45.44,False
148,Nim's Island,Independent,Adventure,51.0,50.0,100.08,37.0,2008,63.08,False
149,Australia,Fox,Adventure,55.0,69.0,211.34,78.0,2008,133.34,False
150,Made of Honor,Sony,Comedy,13.0,61.0,105.96,40.0,2008,65.96,False
151,College Road Trip,Buena Vista,Adventure,13.0,56.0,51.55,140.0,2008,-88.45,False
152,The Sisterhood of the Traveling Pants 2,Warner Bros,Desconocido,65.0,67.0,44.35,27.0,2008,17.35,True
153,Speed Racer,Warner Bros,Action,38.0,61.0,93.95,120.0,2008,-26.049999999999997,False
154,Prom Night,Independent,Horror,8.0,46.0,57.2,18.0,2008,39.2,False
155,Rambo,Lionsgate,Action,36.0,70.0,113.24,47.5,2008,65.74,False
156,"Welcome Home, Roscoe Jenkins",Universal,Comedy,24.0,64.0,43.65,35.0,2008,8.649999999999999,False
157,Tyler Perry's Meet the Browns,Independent,Drama,31.0,36.0,41.98,20.0,2008,21.979999999999997,False
158,Nights in Rodanthe,Warner Bros,Drama,31.0,56.0,84.37,30.0,2008,54.370000000000005,False
159,Max Payne,Fox,Action,16.0,36.0,85.42,35.0,2008,50.42,False
160,Righteous Kill,Overture,Crime,19.0,44.0,78.46,60.0,2008,18.459999999999994,False
161,Lakeview Terrace,Sony,Crime,46.0,44.0,44.65,20.0,2008,24.65,False
162,Body of Lies,Warner Bros,Action,53.0,65.0,115.1,67.5,2008,47.599999999999994,False
163,Meet the Spartans,Independent,Comedy,2.0,31.0,84.65,30.0,2008,54.650000000000006,False
164,Harold and Kumar Escape from Guantanamo Bay,Warner Bros,Adventure,54.0,65.0,43.49,12.0,2008,31.490000000000002,False
165,First Sunday,Sony,Comedy,13.0,59.0,38.8,13.0,2008,25.799999999999997,False
166,The Secret Life of Bees,Fox,Drama,56.0,78.0,39.95,11.0,2008,28.950000000000003,False
167,Tyler Perry's The Family That Preys,Independent,Drama,51.0,36.0,37.11,10.0,2008,27.11,False
168,Death Race,Universal,Action,42.0,69.0,75.68,45.0,2008,30.680000000000007,False
169,Changeling,Independent,Drama,62.0,84.0,113.02,55.0,2008,58.019999999999996,True
170,Star Wars: The Clone Wars,Independent,Animation,19.0,46.0,68.28,8.5,2008,59.78,False
171,Semi-Pro,Warner Bros,Comedy,21.0,41.0,43.88,2.6,2008,41.28,False
172,Fireproof,Independent,Drama,40.0,51.0,33.47,0.5,2008,32.97,False
173,Drillbit Taylor,Paramount,Comedy,26.0,49.0,49.69,40.0,2008,9.689999999999998,False
174,The Love Guru,Paramount,Comedy,14.0,38.0,40.86,62.0,2008,-21.14,False
175,"Definitely, Maybe",Universal,Comedy,71.0,72.0,55.45,7.0,2008,48.45,True
176,Milk,Universal,Biography,94.0,88.0,54.59,20.0,2008,34.59,True
177,Transporter 3,Independent,Action,36.0,58.0,108.98,30.0,2008,78.98,False
178,Quarantine,Sony,Horror,59.0,46.0,41.32,12.0,2008,29.32,False
179,Nick and Norah's Infinite Playlist,Sony,Comedy,73.0,67.0,33.51,10.0,2008,23.509999999999998,True
180,The Eye,Lionsgate,Horror,22.0,51.0,56.96,12.0,2008,44.96,False
181,Zack and Miri Make a Porno,Weinstein,Romance,64.0,70.0,42.1,24.0,2008,18.1,True
182,Leatherheads,Universal,Comedy,52.0,41.0,41.3,58.0,2008,-16.700000000000003,False
183,Mirrors,Independent,Horror,14.0,49.0,77.49,35.0,2008,42.489999999999995,False
184,Space Chimps,Independent,Animation,36.0,37.0,64.83,37.0,2008,27.83,False
185,The Bank Job,Independent,Thriller,78.0,74.0,64.82,20.0,2008,44.81999999999999,True
186,Untraceable,Independent,Thriller,14.0,56.0,52.66,35.0,2008,17.659999999999997,False
187,The Women,Warner Bros,Drama,13.0,41.0,50.01,16.0,2008,34.01,False
188,One Missed Call,Warner Bros,Horror,0.0,36.0,45.85,20.0,2008,25.85,False
189,The Other Boleyn Girl,Independent,Drama,41.0,65.0,77.71,40.0,2008,37.709999999999994,False
190,Street Kings,Fox,Action,37.0,62.0,65.57,20.0,2008,45.56999999999999,False
191,Shutter,Fox,Horror,7.0,40.0,47.88,8.0,2008,39.88,False
192,Superhero Movie,Weinstein,Comedy,15.0,36.0,71.24,65.0,2008,6.239999999999995,False
193,W.,Lionsgate,Drama,60.0,42.0,29.51,25.1,2008,4.41,True
194,Never Back Down,Summit,Action,23.0,37.0,41.63,21.0,2008,20.630000000000003,False
195,Traitor,Liberty Starz,Thriller,55.0,66.0,27.66,22.0,2008,5.66,False
196,Vicky Cristina Barcelona,Weinstein,Romance,82.0,73.0,96.41,16.0,2008,80.41,True
197,Babylon A.D.,Fox,Action,7.0,32.0,72.11,45.0,2008,27.11,False
198,The X-Files: I Want to Believe,Fox,Thriller,32.0,34.0,68.37,35.0,2008,33.370000000000005,False
199,Mad Money,Independent,Comedy,22.0,51.0,26.41,22.0,2008,4.41,False
200,Appaloosa,Warner Bros,Action,77.0,55.0,27.67,20.0,2008,7.670000000000002,True
201,Igor,Independent,Animation,36.0,42.0,30.75,30.0,2008,0.75,False
202,My Best Friend's Girl,Lionsgate,Comedy,14.0,51.0,41.62,20.0,2008,21.619999999999997,False
203,Doubt,Independent,Drama,78.0,75.0,50.91,25.0,2008,25.909999999999997,True
204,The Spirit,Lionsgate,Action,14.0,29.0,39.03,6.0,2008,33.03,False
205,Kit Kittredge: An American Girl,Warner Bros,Drama,78.0,26.0,17.66,10.0,2008,7.66,True
206,The Ruins,Paramount,Horror,46.0,32.0,22.73,25.0,2008,-2.2699999999999996,False
207,88 Minutes,Sony,Drama,5.0,51.0,32.59,30.0,2008,2.5900000000000034,False
208,Swing Vote,Disney,Comedy,36.0,44.0,17.63,20.0,2008,-2.370000000000001,False
209,Pride & Glory,Warner Bros,Crime,34.0,54.0,31.15,30.0,2008,1.1499999999999986,False
210,Bangkok Dangerous,Lionsgate,Action,9.0,33.0,42.49,45.0,2008,-2.509999999999998,False
211,Disaster Movie,Lionsgate,Comedy,2.0,28.0,34.82,20.0,2008,14.82,False
212,The Duchess,Paramount,Drama,60.0,68.0,43.31,13.5,2008,29.810000000000002,True
213,The Haunting of Molly Hartley,Independent,Horror,3.0,22.0,15.42,5.0,2008,10.42,False
214,Ghost Town,Paramount,Comedy,85.0,60.0,27.07,20.0,2008,7.07,True
215,Religulous,Lionsgate,Documentary,70.0,78.0,13.64,2.5,2008,11.14,True
216,Rachel Getting Married,Independent,Drama,85.0,61.0,16.62,12.0,2008,4.620000000000001,True
217,The Pirates Who Don't Do Anything,Universal,Desconocido,41.0,61.0,13.15,15.0,2008,-1.8499999999999996,False
218,Under the Same Moon,Weinstein,Desconocido,72.0,37.0,23.31,1.7,2008,21.61,True
219,Miss Pettigrew Lives for a Day,Independent,Comedy,78.0,70.0,16.72,60.0,2008,-43.28,True
220,Soul Men,Weinstein,Comedy,45.0,42.0,12.33,0.0,2008,12.33,False
221,Meet Dave,Fox,Adventure,19.0,42.0,50.65,60.0,2008,-9.350000000000001,False
222,The Longshots,Independent,Comedy,39.0,39.0,11.77,30.0,2008,-18.23,False
223,"Be Kind, Rewind",New Line,Comedy,65.0,57.0,30.58,20.0,2008,10.579999999999998,True
224,Doomsday,Relativity Media,Action,48.0,47.0,22.21,33.0,2008,-10.79,False
225,Stop-Loss,Paramount,Drama,65.0,27.0,11.21,25.0,2008,-13.79,True
226,Penelope,Summit,Comedy,52.0,74.0,21.16,15.0,2008,6.16,False
227,The Express,Independent,Biography,62.0,73.0,9.81,37.5,2008,-27.689999999999998,True
228,Smart People,Independent,Comedy,50.0,41.0,11.84,7.0,2008,4.84,False
229,The Visitor,Independent,Drama,92.0,83.0,18.08,4.0,2008,14.079999999999998,True
230,The Boy in the Striped Pyjamas,Independent,Drama,63.0,84.0,40.42,12.5,2008,27.92,True
231,Sex Drive,Summit,Adventure,46.0,61.0,18.76,19.0,2008,-0.23999999999999844,False
232,Cadillac Records,Sony,Biography,67.0,64.0,8.88,12.0,2008,-3.119999999999999,True
233,Punisher: War Zone,Lionsgate,Action,27.0,47.0,10.1,35.0,2008,-24.9,False
234,Miracle at St. Anna,Disney,Action,34.0,68.0,9.32,45.0,2008,-35.68,False
235,City of Ember,Independent,Adventure,52.0,48.0,17.93,38.0,2008,-20.07,False
236,In Bruges,Focus,Crime,81.0,85.0,33.39,15.0,2008,18.39,True
237,Expelled: No Intelligence Allowed,Desconocido,Documentary,10.0,42.0,7.72,3.5,2008,4.22,False
238,Over Her Dead Body,New Line,Comedy,15.0,47.0,21.46,10.0,2008,11.46,False
239,Avatar,Fox,Action,83.0,92.0,2781.5,237.0,2009,2544.5,True
240,Transformers: Revenge of the Fallen,Paramount,Action,20.0,76.0,836.3,210.0,2009,626.3,False
241,Harry Potter and the Half-Blood Prince,Warner Bros,Adventure,83.0,75.0,934.0,250.0,2009,684.0,True
242,The Twilight Saga: New Moon,Summit,Drama,27.0,78.0,709.82,50.0,2009,659.82,False
243,Up,Disney,Animation,98.0,86.0,731.3,175.0,2009,556.3,True
244,The Hangover,Warner Bros,Comedy,79.0,87.0,467.46,35.0,2009,432.46,True
245,Star Trek,Paramount,Action,94.0,91.0,385.65,140.0,2009,245.64999999999998,True
246,The Blind Side,Warner Bros,Biography,65.0,90.0,309.2,29.0,2009,280.2,True
247,Alvin and the Chipmunks: The Squeakquel,Independent,Animation,21.0,59.0,440.7,75.0,2009,365.7,False
248,Sherlock Holmes,Warner Bros,Action,70.0,81.0,524.02,90.0,2009,434.02,True
249,Monsters Vs. Aliens,Paramount,Animation,72.0,65.0,381.5,175.0,2009,206.5,True
250,Ice Age: Dawn of the Dinosaurs,Fox,Animation,45.0,72.0,886.68,90.0,2009,796.68,False
251,X-Men Origins: Wolverine,Fox,Action,37.0,72.0,373.1,150.0,2009,223.10000000000002,False
252,Night at the Museum: Battle of the Smithsonian,Fox,Action,43.0,60.0,413.0,150.0,2009,263.0,False
253,2012,Sony,Action,39.0,63.0,769.69,200.0,2009,569.69,False
254,The Proposal,Disney,Comedy,43.0,74.0,314.7,40.0,2009,274.7,False
255,Fast and Furious,Universal,Action,28.0,76.0,363.1,85.0,2009,278.1,False
256,G.I. Joe: The Rise of Cobra,Paramount,Action,33.0,62.0,302.1,175.0,2009,127.10000000000002,False
257,Paul Blart: Mall Cop,Sony,Action,33.0,50.0,183.28,26.0,2009,157.28,False
258,Taken,Fox,Action,58.0,83.0,226.8,25.0,2009,201.8,False
259,A Christmas Carol,Disney,Animation,52.0,72.0,325.33,200.0,2009,125.32999999999998,False
260,Angels & Demons,Sony,Mystery,36.0,65.0,485.9,150.0,2009,335.9,False
261,Terminator Salvation,Warner Bros,Action,33.0,64.0,372.0,200.0,2009,172.0,False
262,Cloudy with a Chance of Meatballs,Sony,Animation,86.0,70.0,243.03,100.0,2009,143.03,True
263,Inglourious Basterds,Universal,Adventure,88.0,87.0,321.41,70.0,2009,251.41000000000003,True
264,G-Force,Disney,Action,22.0,50.0,285.1,150.0,2009,135.10000000000002,False
265,District 9,Independent,Action,91.0,81.0,210.77,30.0,2009,180.77,True
266,It's Complicated,Universal,Comedy,56.0,63.0,219.1,85.0,2009,134.1,False
267,Couples Retreat,Universal,Comedy,12.0,47.0,171.83,60.0,2009,111.83000000000001,False
269,Watchmen,Warner Bros,Action,64.0,68.0,185.3,130.0,2009,55.30000000000001,True
270,The Princess and the Frog,Disney,Animation,84.0,72.0,267.04,105.0,2009,162.04000000000002,True
271,Public Enemies,Universal,Biography,67.0,65.0,214.1,100.0,2009,114.1,True
272,Julie & Julia,Sony,Biography,74.0,69.0,126.57,40.0,2009,86.57,True
273,He's Just Not That Into You,Warner Bros,Comedy,42.0,60.0,178.84,25.0,2009,153.84,False
274,The Ugly Truth,Independent,Comedy,14.0,68.0,205.28,38.0,2009,167.28,False
275,Up in the Air,Paramount,Drama,90.0,76.0,200.2,25.0,2009,175.2,True
276,Knowing,Summit,Drama,33.0,50.0,183.58,50.0,2009,133.58,False
277,Hannah Montana: The Movie,Disney,Comedy,44.0,66.0,155.55,35.0,2009,120.55000000000001,False
278,Where the Wild Things Are,Warner Bros,Adventure,73.0,59.0,100.08,100.0,2009,0.0799999999999983,True
279,Zombieland,Sony,Action,90.0,87.0,102.39,23.6,2009,78.78999999999999,True
280,Coraline,Universal,Animation,89.0,77.0,124.58,60.0,2009,64.58,True
281,Law Abiding Citizen,Independent,Crime,25.0,77.0,126.48,53.0,2009,73.48,False
282,Hotel for Dogs,Paramount,Comedy,46.0,57.0,118.2,35.0,2009,83.2,False
283,Michael Jackson's This Is It,Sony,Documentary,81.0,82.0,261.19,60.0,2009,201.19,True
284,"I Love You, Man",Paramount,Comedy,83.0,72.0,91.4,40.0,2009,51.400000000000006,True
285,Obsessed,Sony,Drama,20.0,50.0,73.82,20.0,2009,53.81999999999999,False
286,Race to Witch Mountain,Buena Vista,Action,42.0,50.0,106.38,50.0,2009,56.379999999999995,False
287,The Final Destination,Warner Bros,Horror,29.0,52.0,186.19,40.0,2009,146.19,False
288,The Taking of Pelham 1 2 3,Sony,Action,51.0,60.0,150.16,100.0,2009,50.16,False
289,Friday the 13th,Paramount,Horror,25.0,52.0,91.4,19.0,2009,72.4,False
290,17 Again,Independent,Comedy,55.0,70.0,136.3,20.0,2009,116.30000000000001,False
291,The Time Traveler's Wife,Paramount,Drama,38.0,65.0,101.33,39.0,2009,62.33,False
292,Bruno,Universal,Comedy,68.0,48.0,130.8,42.0,2009,88.80000000000001,True
293,Bride Wars,Fox,Comedy,11.0,56.0,115.15,30.0,2009,85.15,False
294,The Haunting in Connecticut,Lionsgate,Drama,17.0,51.0,77.52,30.0,2009,47.519999999999996,False
295,Ghosts of Girlfriends Past,Warner Bros,Comedy,27.0,47.0,102.22,50.0,2009,52.22,False
296,Funny People,Universal,Comedy,68.0,58.0,71.58,75.0,2009,-3.4200000000000017,True
297,My Bloody Valentine 3-D,Lionsgate,Crime,57.0,48.0,100.73,14.0,2009,86.73,False
298,Old Dogs,Buena Vista,Comedy,5.0,49.0,96.75,35.0,2009,61.75,False
299,Land of the Lost,Universal,Drama,26.0,38.0,68.77,100.0,2009,-31.230000000000004,False
300,My Sister's Keeper,Warner Bros,Drama,47.0,73.0,95.71,27.5,2009,68.21,False
301,Underworld: Rise of the Lycans,Sony,Action,30.0,68.0,91.35,35.0,2009,56.349999999999994,False
302,Confessions of a Shopaholic,Disney,Comedy,24.0,53.0,108.3,70.0,2009,38.3,False
303,The Lovely Bones,Paramount,Drama,32.0,57.0,93.51,65.0,2009,28.510000000000005,False
304,Year One,Sony,Adventure,14.0,31.0,62.35,60.0,2009,2.3500000000000014,False
305,The Unborn,Relativity Media,Horror,11.0,39.0,76.51,16.0,2009,60.510000000000005,False
306,Planet 51,Independent,Animation,22.0,45.0,105.64,70.0,2009,35.64,False
307,Drag Me to Hell,Universal,Horror,92.0,61.0,90.8,30.0,2009,60.8,True
308,Orphan,Warner Bros,Horror,55.0,65.0,76.69,30.0,2009,46.69,False
309,Duplicity,Universal,Romance,64.0,38.0,78.14,60.0,2009,18.14,True
310,Surrogates,Buena Vista,Action,39.0,42.0,122.43,80.0,2009,42.43000000000001,False
311,Ninja Assassin,Warner Bros,Action,25.0,57.0,61.59,50.0,2009,11.590000000000003,False
312,Invictus,Warner Bros,Biography,75.0,74.0,122.23,60.0,2009,62.230000000000004,True
313,State of Play,Universal,Crime,84.0,71.0,88.3,60.0,2009,28.299999999999997,True
314,Notorious,Fox,Biography,50.0,66.0,44.36,20.0,2009,24.36,False
315,The Pink Panther 2,Sony,Adventure,12.0,47.0,75.94,59.0,2009,16.939999999999998,False
316,All About Steve,Fox,Comedy,6.0,35.0,40.12,15.0,2009,25.119999999999997,False
317,Halloween II,Independent,Horror,20.0,45.0,39.41,15.0,2009,24.409999999999997,False
318,The Informant!,Warner Bros,Comedy,78.0,42.0,41.76,22.0,2009,19.759999999999998,True
319,The Men Who Stare at Goats,Independent,Comedy,52.0,43.0,68.94,25.0,2009,43.94,False
320,(500) Days of Summer,Fox,Comedy,87.0,81.0,60.72,7.5,2009,53.22,True
321,Push,Summit,Action,22.0,47.0,48.85,38.0,2009,10.850000000000001,False
322,9,Focus,Animation,57.0,58.0,48.41,30.0,2009,18.409999999999997,False
323,The Soloist,Paramount,Drama,56.0,59.0,38.31,60.0,2009,-21.689999999999998,False
324,Did You Hear About the Morgans?,Sony,Comedy,12.0,31.0,85.28,58.0,2009,27.28,False
325,The Stepfather,Sony,Mystery,12.0,48.0,31.2,20.0,2009,11.2,False
327,Brothers,Lionsgate,Drama,61.0,62.0,43.27,26.0,2009,17.270000000000003,True
328,Saw VI,Independent,Horror,40.0,67.0,68.19,11.0,2009,57.19,False
329,Dance Flick,Paramount,Action,17.0,35.0,31.43,25.0,2009,6.43,False
330,The Fourth Kind,Universal,Mystery,18.0,44.0,47.7,10.0,2009,37.7,False
331,The International,Sony,Action,58.0,39.0,60.1,50.0,2009,10.100000000000001,False
332,Aliens in the Attic,Fox,Adventure,30.0,46.0,57.88,45.0,2009,12.880000000000003,False
333,Observe and Report,Warner Bros,Comedy,51.0,40.0,26.96,18.0,2009,8.96,False
334,Love Happens,Universal,Drama,18.0,40.0,36.08,18.0,2009,18.08,False
335,Fame,MGM,Comedy,25.0,43.0,77.21,18.0,2009,59.209999999999994,False
336,Fantastic Mr. Fox,Fox,Animation,93.0,80.0,46.46,40.0,2009,6.460000000000001,True
337,Gamer,Lionsgate,Action,29.0,43.0,40.82,12.5,2009,28.32,False
338,Nine,Weinstein,Drama,37.0,40.0,53.99,80.0,2009,-26.009999999999998,False
339,Astro Boy,Summit,Animation,49.0,53.0,39.89,65.0,2009,-25.11,False
340,The Invention of Lying,Warner Bros,Comedy,56.0,47.0,32.4,18.5,2009,13.899999999999999,False
341,Inkheart,Warner Bros,Adventure,39.0,51.0,62.44,60.0,2009,2.4399999999999977,False
342,Fired Up!,Independent,Comedy,22.0,52.0,18.6,20.0,2009,-1.3999999999999986,False
343,The Hurt Locker,Independent,Drama,97.0,83.0,49.22,15.0,2009,34.22,True
344,Jennifer's Body,Fox,Comedy,42.0,37.0,31.55,16.0,2009,15.55,False
345,Imagine That,Paramount,Comedy,38.0,44.0,22.99,55.0,2009,-32.010000000000005,False
346,Adventureland,Miramax,Comedy,89.0,56.0,17.16,9.8,2009,7.359999999999999,True
347,Armored,Sony,Action,40.0,34.0,16.0,20.0,2009,-4.0,False
348,A Perfect Getaway,Universal,Mystery,61.0,50.0,22.83,14.0,2009,8.829999999999998,True
349,The Box,Warner Bros,Drama,46.0,27.0,33.38,30.0,2009,3.3800000000000026,False
350,I Love You Beth Cooper,Fox,Comedy,14.0,38.0,15.82,18.0,2009,-2.1799999999999997,False
351,Amelia,Independent,Adventure,21.0,35.0,19.2,40.0,2009,-20.8,False
352,Cirque du Freak: The Vampire's Assistant,Universal,Action,38.0,50.0,39.23,40.0,2009,-0.7700000000000031,False
353,Crank: High Voltage,Lionsgate,Action,62.0,54.0,34.5,12.9,2009,21.6,True
354,Whip It,Independent,Drama,84.0,73.0,16.0,15.0,2009,1.0,True
355,An Education,Sony,Drama,94.0,78.0,26.09,7.5,2009,18.59,True
356,12 Rounds,Fox,Action,30.0,52.0,17.28,20.0,2009,-2.719999999999999,False
357,Sunshine Cleaning,Independent,Comedy,72.0,59.0,16.57,5.0,2009,11.57,True
358,Sorority Row,Summit,Horror,22.0,38.0,27.21,12.5,2009,14.71,False
359,Extract,Miramax,Comedy,62.0,37.0,10.83,7.5,2009,3.33,True
360,Not Easily Broken,Independent,Drama,34.0,66.0,10.7,5.0,2009,5.699999999999999,False
361,Pandorum,Independent,Action,28.0,49.0,17.0,40.0,2009,-23.0,False
362,Whiteout,Warner Bros,Action,7.0,28.0,12.2,35.0,2009,-22.8,False
363,Next Day Air,Summit,Action,21.0,27.0,10.0,3.0,2009,7.0,False
364,Away We Go,Focus,Comedy,67.0,74.0,14.89,21.0,2009,-6.109999999999999,True
365,Dragonball Evolution,Fox,Action,15.0,28.0,58.23,30.0,2009,28.229999999999997,False
366,A Serious Man,Universal,Drama,89.0,64.0,31.43,7.0,2009,24.43,True
367,Everybody's Fine,Miramax,Drama,46.0,55.0,16.4,21.0,2009,-4.600000000000001,False
368,Street Fighter: The Legend of Chun-Li,Fox,Action,16.0,28.0,12.34,50.0,2009,-37.66,False
369,My Life in Ruins,Independent,Comedy,9.0,43.0,18.01,17.0,2009,1.0100000000000016,False
370,"Pirate Radio (The Boat that Rocked, UK)",Focus,Comedy,60.0,72.0,36.34,50.0,2009,-13.659999999999997,True
371,The Road,Weinstein,Adventure,75.0,65.0,27.63,25.0,2009,2.629999999999999,True
372,Taking Woodstock,Focus,Comedy,48.0,48.0,9.98,29.0,2009,-19.02,False
373,Post Grad,Fox,Comedy,7.0,31.0,6.38,15.0,2009,-8.620000000000001,False
374,Whatever Works,Independent,Comedy,50.0,63.0,35.09,15.0,2009,20.090000000000003,False
375,Bandslam,Summit,Comedy,79.0,60.0,12.1,20.0,2009,-7.9,True
376,127 Hours,Independent,Adventure,93.0,84.0,60.73,18.0,2010,42.73,True
377,A Nightmare on Elm Street,Warner Bros,Horror,13.0,40.0,115.67,35.0,2010,80.67,False
378,Alice in Wonderland,Disney,Adventure,52.0,72.0,1025.466,200.0,2010,825.4659999999999,False
379,All About Steve,Independent,Comedy,6.0,35.0,40.12,15.0,2010,25.119999999999997,False
380,Alpha and Omega,Crest,Animation,17.0,41.0,50.507,20.0,2010,30.506999999999998,False
381,Black Swan,Fox,Drama,88.0,86.0,329.397,13.0,2010,316.397,True
382,Brooklyn's Finest,Independent,Action,42.0,47.0,36.439,17.0,2010,19.439,False
383,Buried,Independent,Drama,86.0,63.0,19.148,2.0,2010,17.148,True
384,Burlesque,Paramount,Drama,36.0,66.0,89.519,55.0,2010,34.519000000000005,False
385,Case 39,Independent,Horror,23.0,42.0,28.19,26.0,2010,2.1900000000000013,False
386,Cats & Dogs: The Revenge of Kitty Galore,Independent,Action,13.0,43.0,112.49,85.0,2010,27.489999999999995,False
387,Charlie St. Cloud,Universal,Fantasy,27.0,62.0,48.188,44.0,2010,4.188000000000002,False
388,City Island,Independent,Comedy,81.0,77.0,7.874,6.0,2010,1.8739999999999997,True
389,Clash of the Titans,Warner Bros,Action,28.0,48.0,493.214,125.0,2010,368.214,False
390,Conviction,Independent,Biography,68.0,71.0,9.71,12.5,2010,-2.789999999999999,True
391,Cop Out,Warner Bros,Action,19.0,45.0,55.588,30.0,2010,25.588,False
392,Country Strong,Sony,Drama,20.0,56.0,20.528,15.0,2010,5.527999999999999,False
393,Cyrus,Independent,Comedy,80.0,51.0,9.92,7.0,2010,2.92,True
394,Date Night,Fox,Comedy,66.0,58.0,152.263,55.0,2010,97.263,True
395,Daybreakers,Lionsgate,Action,67.0,50.0,51.41,20.0,2010,31.409999999999997,True
396,Dear John,Sony,Drama,29.0,66.0,114.97,25.0,2010,89.97,False
397,Death at a Funeral,Independent,Comedy,40.0,48.0,49.05,21.0,2010,28.049999999999997,False
398,Despicable Me,Universal,Animation,81.0,81.0,543.113,69.0,2010,474.11300000000006,True
399,Devil,Independent,Horror,52.0,45.0,62.694,10.0,2010,52.694,False
400,Diary of a Wimpy Kid,Independent,Comedy,53.0,49.0,75.7,15.0,2010,60.7,False
401,Dinner for Schmucks,Paramount,Comedy,43.0,47.0,86.855,69.0,2010,17.855000000000004,False
402,Due Date,Warner Bros,Comedy,40.0,56.0,211.78,50.0,2010,161.78,False
403,Easy A,Sony,Comedy,85.0,75.0,74.95,8.0,2010,66.95,True
404,Eat Pray Love,Sony,Drama,36.0,46.0,204.59,60.0,2010,144.59,False
405,Edge of Darkness,Warner Bros,Crime,55.0,56.0,81.12,80.0,2010,1.1200000000000045,False
406,Extraordinary Measures,CBS,Drama,27.0,55.0,15.14,31.0,2010,-15.86,False
407,Faster,CBS,Action,41.0,50.0,35.626,24.0,2010,11.625999999999998,False
408,For Colored Girls,Independent,Drama,33.0,73.0,55.049,21.0,2010,34.049,False
409,From Paris with Love,Independent,Action,38.0,57.0,52.829,52.0,2010,0.8290000000000006,False
410,Furry Vengeance,Summit,Comedy,8.0,36.0,36.236,35.0,2010,1.235999999999997,False
411,Get Him to the Greek,Universal,Comedy,73.0,63.0,91.257,40.0,2010,51.257000000000005,True
412,Going the Distance,Warner Bros,Comedy,53.0,56.0,42.05,32.0,2010,10.049999999999997,False
413,Green Zone,Universal,Action,53.0,60.0,94.878,100.0,2010,-5.122,False
415,Grown Ups,Independent,Comedy,10.0,59.0,271.43,80.0,2010,191.43,False
416,Gulliver's Travels,Fox,Comedy,21.0,31.0,237.382,112.0,2010,125.382,False
417,Harry Potter and the Deathly Hallows Part 1,Warner Bros,Adventure,79.0,87.0,959.3,125.0,2010,834.3,True
418,Hot Tub Time Machine,MGM,Adventure,64.0,57.0,64.571,36.0,2010,28.570999999999998,True
419,How to Train Your Dragon,Paramount,Animation,98.0,90.0,494.88,165.0,2010,329.88,True
420,I Love You Phillip Morris,Independent,Comedy,71.0,57.0,20.722,15.0,2010,5.722000000000001,True
421,Inception,Warner Bros,Action,86.0,93.0,825.536,160.0,2010,665.536,True
422,Iron Man 2,Paramount,Action,74.0,80.0,623.93,200.0,2010,423.92999999999995,True
423,Jackass 3-D,Paramount,Documentary,63.0,72.0,171.685,20.0,2010,151.685,True
424,Jonah Hex,Warner Bros,Action,13.0,24.0,10.91,47.0,2010,-36.09,False
425,Just Wright,Fox,Comedy,45.0,58.0,21.569,12.0,2010,9.568999999999999,False
426,Kick-Ass,Independent,Action,76.0,83.0,96.188,30.0,2010,66.188,True
427,Killers,Lionsgate,Action,11.0,45.0,98.16,75.0,2010,23.159999999999997,False
428,Knight and Day,Fox,Action,53.0,52.0,261.927,117.0,2010,144.92700000000002,False
429,Leap Year,Universal,Comedy,21.0,49.0,32.608,19.0,2010,13.607999999999997,False
430,Legend of the Guardians: The Owls of Ga'Hoole,Warner Bros,Animation,51.0,65.0,140.073,80.0,2010,60.07300000000001,False
431,Legion,Independent,Action,19.0,36.0,67.92,26.0,2010,41.92,False
432,Letters to Juliet,Summit,Comedy,40.0,62.0,79.179,30.0,2010,49.179,False
433,Life as We Know It,Independent,Comedy,28.0,62.0,53.374,52.0,2010,1.3740000000000023,False
434,Little Fockers,Independent,Comedy,9.0,40.0,310.649,100.0,2010,210.649,False
435,Love & Other Drugs,Fox,Comedy,48.0,55.0,102.802,30.0,2010,72.802,False
436,MacGruber,Independent,Action,47.0,33.0,9.327,10.0,2010,-0.673,False
437,Machete,Independent,Action,73.0,66.0,44.089,20.0,2010,24.089,True
438,Marmaduke,Fox,Comedy,9.0,46.0,83.757,50.0,2010,33.757000000000005,False
439,Megamind,Paramount,Animation,72.0,73.0,321.884,130.0,2010,191.88400000000001,True
440,Morning Glory,Independent,Comedy,54.0,54.0,60.039,40.0,2010,20.039,False
441,My Soul to Take,Relativity Media,Horror,9.0,29.0,20.971,25.0,2010,-4.029,False
442,Nanny McPhee Returns,Universal,Comedy,77.0,54.0,93.24,35.0,2010,58.239999999999995,True
443,Never Let Me Go,Independent,Drama,70.0,70.0,9.45,15.0,2010,-5.550000000000001,True
445,Paranormal Activity 2,Paramount,Horror,52.0,61.0,177.511,3.0,2010,174.511,False
446,Percy Jackson & the Olympians: The Lightning Thief,Fox,Action,50.0,57.0,226.5,95.0,2010,131.5,False
447,Piranha 3-D,Weinstein,Comedy,74.0,45.0,83.188,24.0,2010,59.188,True
448,Please Give,Sony,Comedy,88.0,62.0,4.309,3.0,2010,1.3090000000000002,True
449,Predators,Fox,Action,64.0,52.0,127.232,40.0,2010,87.232,True
450,Prince of Persia: The Sands of Time,Disney,Action,36.0,71.0,336.365,200.0,2010,136.365,False
451,Red,Summit,Action,71.0,72.0,199.006,58.0,2010,141.006,True
452,Remember Me,Summit,Drama,28.0,70.0,56.034,16.0,2010,40.034,False
453,Repo Men,Universal,Action,22.0,43.0,18.41,32.0,2010,-13.59,False
454,Resident Evil: Afterlife,Highlight Communications,Action,24.0,53.0,296.22,60.0,2010,236.22000000000003,False
455,Robin Hood,Universal,Action,42.0,59.0,321.669,200.0,2010,121.66899999999998,False
456,Salt,Sony,Action,62.0,62.0,293.502,110.0,2010,183.502,True
457,Saw 3-D,Independent,Crime,10.0,47.0,136.15,20.0,2010,116.15,False
458,Scott Pilgrim vs. the World,Universal,Action,81.0,83.0,47.66,60.0,2010,-12.340000000000003,True
459,Sex and the City 2,Warner Bros,Comedy,15.0,49.0,288.347,100.0,2010,188.34699999999998,False
460,She's Out of My League,Paramount,Comedy,57.0,60.0,49.778,20.0,2010,29.778,False
461,Shrek Forever After,Paramount,Animation,57.0,64.0,752.604,165.0,2010,587.604,False
462,Shutter Island,Paramount,Drama,68.0,73.0,294.802,80.0,2010,214.80200000000002,True
463,Skyline,Independent,Action,16.0,19.0,66.817,10.0,2010,56.81699999999999,False
464,Solitary Man,Independent,Comedy,81.0,47.0,5.178,15.0,2010,-9.822,True
465,Step Up 3D,Summit,Drama,46.0,67.0,159.291,30.0,2010,129.291,False
466,Stone,Independent,Drama,49.0,20.0,9.479,22.0,2010,-12.521,False
467,Takers,Sony,Action,27.0,57.0,69.05,32.0,2010,37.05,False
468,Tangled,Disney,Animation,89.0,88.0,591.794,260.0,2010,331.794,True
469,The A-Team,Fox,Action,47.0,71.0,177.236,100.0,2010,77.23599999999999,False
470,The American,Universal,Crime,66.0,37.0,67.875,20.0,2010,47.875,True
471,The Back-up Plan,CBS,Comedy,20.0,47.0,77.477,35.0,2010,42.477000000000004,False
472,The Book of Eli,Independent,Action,48.0,68.0,157.107,80.0,2010,77.107,False
473,The Bounty Hunter,Sony,Action,7.0,41.0,136.333,40.0,2010,96.333,False
474,The Chronicles of Narnia: The Voyage of the Dawn Treader,Fox,Adventure,49.0,63.0,415.685,155.0,2010,260.685,False
475,The Crazies,Liberty Starz,Horror,72.0,54.0,54.803,20.0,2010,34.803,True
476,The Expendables,Independent,Action,40.0,58.0,274.469,82.0,2010,192.469,False
477,The Fighter,Paramount,Drama,91.0,88.0,129.154,25.0,2010,104.154,True
478,The Ghost Writer,Summit,Mystery,83.0,68.0,60.22,45.0,2010,15.219999999999999,True
479,The Joneses,Independent,Comedy,61.0,47.0,1.97,10.0,2010,-8.03,True
480,The Karate Kid,Sony,Action,66.0,75.0,359.12,40.0,2010,319.12,True
481,The Kids Are All Right,Independent,Comedy,94.0,72.0,34.704,4.0,2010,30.704,True
482,The King's Speech,Independent,Biography,95.0,93.0,414.204,15.0,2010,399.204,True
483,The Last Airbender,Paramount,Action,6.0,42.0,319.713,150.0,2010,169.71300000000002,False
484,The Last Exorcism,Independent,Drama,73.0,32.0,67.733,1.8,2010,65.933,True
485,The Last Song,Disney,Drama,19.0,66.0,89.04,20.0,2010,69.04,False
486,The Losers,Warner Bros,Action,47.0,55.0,29.38,25.0,2010,4.379999999999999,False
487,The Next Three Days,Lionsgate,Crime,51.0,66.0,67.45,30.0,2010,37.45,False
488,The Other Guys,Sony,Action,78.0,57.0,170.431,100.0,2010,70.43100000000001,True
489,The Runaways,Independent,Biography,68.0,56.0,4.677,10.0,2010,-5.323,True
490,The Social Network,Sony,Biography,96.0,89.0,224.919,50.0,2010,174.919,True
491,The Sorcerer's Apprentice,Disney,Action,42.0,57.0,215.28,150.0,2010,65.28,False
493,The Switch,Independent,Comedy,52.0,44.0,49.831,19.0,2010,30.831000000000003,False
494,The Tourist,Sony,Thriller,20.0,44.0,278.346,100.0,2010,178.346,False
495,The Town,Warner Bros,Crime,94.0,83.0,154.025,37.0,2010,117.025,True
496,The Twilight Saga: Eclipse,Summit,Drama,50.0,74.0,698.489,68.0,2010,630.489,False
497,The Wolfman,Universal,Drama,33.0,38.0,139.79,150.0,2010,-10.210000000000008,False
498,Tooth Fairy,Fox,Comedy,16.0,46.0,112.46,48.0,2010,64.46,False
499,Toy Story 3,Disney,Animation,99.0,91.0,1063.16,200.0,2010,863.1600000000001,True
500,Tron: Legacy,Independent,Action,50.0,67.0,400.062,170.0,2010,230.062,False
501,True Grit,Paramount,Adventure,96.0,86.0,252.273,38.0,2010,214.273,True
502,Unstoppable,Fox,Action,86.0,73.0,167.802,95.0,2010,72.80199999999999,True
503,Valentine's Day,Warner Bros,Comedy,17.0,54.0,216.485,52.0,2010,164.485,False
504,Vampires Suck,Independent,Comedy,4.0,32.0,80.546,20.0,2010,60.54600000000001,False
505,Wall Street: Money Never Sleeps,Independent,Drama,54.0,43.0,134.743,70.0,2010,64.743,False
507,Why Did I Get Married Too?,Lionsgate,Comedy,27.0,67.0,60.67,20.0,2010,40.67,False
508,Yogi Bear,Desconocido,Comedy,14.0,36.0,201.584,80.0,2010,121.584,False
509,You Again,Independent,Comedy,18.0,45.0,32.003,20.0,2010,12.003,False
510,You Will Meet a Tall Dark Stranger,Independent,Comedy,43.0,35.0,34.267,22.0,2010,12.267000000000003,False
511,Youth in Revolt,Weinstein,Comedy,68.0,52.0,19.649,18.0,2010,1.649000000000001,True
512,30 Minutes or Less,Independent,Comedy,43.0,48.0,40.55,28.0,2011,12.549999999999997,False
513,50/50,Independent,Comedy,93.0,93.0,39.19,8.0,2011,31.189999999999998,True
514,A Dangerous Method,Independent,Drama,79.0,89.0,27.46,20.0,2011,7.460000000000001,True
515,A Very Harold and Kumar Christmas,Lionsgate,Comedy,72.0,71.0,35.39,19.0,2011,16.39,True
516,Abduction,Vertigo,Action,4.0,46.0,82.09,35.0,2011,47.09,False
517,Anonymous,Relativity Media,Drama,46.0,66.0,15.39,30.0,2011,-14.61,False
518,Another Earth,Independent,Fantasy,63.0,74.0,1.77,0.2,2011,1.57,True
519,Apollo 18,Weinstein,Horror,23.0,31.0,25.56,5.0,2011,20.56,False
520,Arthur,Warner Bros,Comedy,26.0,49.0,45.74,40.0,2011,5.740000000000002,False
521,Arthur Christmas,Aardman Animations,Animation,92.0,82.0,147.41,150.0,2011,-2.5900000000000034,True
522,Average,Desconocido,Desconocido,55.0,62.0,175.0,57.0,2011,118.0,False
523,Bad Teacher,Independent,Comedy,44.0,38.0,216.2,20.0,2011,196.2,False
524,Battle: Los Angeles,Relativity Media,Action,35.0,50.0,211.82,70.0,2011,141.82,False
525,Beastly,CBS,Romance,19.0,50.0,43.17,17.0,2011,26.17,False
526,Beginners,Independent,Comedy,84.0,80.0,14.31,3.2,2011,11.11,True
527,Bridesmaids,Relativity Media,Comedy,90.0,77.0,288.38,32.5,2011,255.88,True
528,Captain America: The First Avenger,Disney,Action,78.0,75.0,370.57,140.0,2011,230.57,True
529,Cars 2,Pixar,Animation,38.0,56.0,559.85,200.0,2011,359.85,False
530,Cedar Rapids,Fox,Comedy,86.0,61.0,6.86,10.0,2011,-3.1399999999999997,True
531,Colombiana,Sony,Action,28.0,55.0,60.97,40.0,2011,20.97,False
532,Conan the Barbarian,Lionsgate,Action,22.0,34.0,48.8,90.0,2011,-41.2,False
533,Contagion,Warner Bros,Thriller,84.0,63.0,135.46,60.0,2011,75.46000000000001,True
534,Cowboys and Aliens,Universal,Action,44.0,50.0,174.82,163.0,2011,11.819999999999993,False
535,"Crazy, Stupid, Love",Warner Bros,Romance,78.0,81.0,142.85,50.0,2011,92.85,True
536,Diary of a Wimpy Kid 2: Rodrick Rules,Fox,Comedy,47.0,63.0,72.42,21.0,2011,51.42,False
537,Dolphin Tale,Independent,Drama,84.0,81.0,95.41,37.0,2011,58.41,True
538,Don't Be Afraid Of The Dark,Miramax,Horror,59.0,37.0,36.99,25.0,2011,11.990000000000002,False
539,Dream House,Morgan Creek,Horror,7.0,38.0,38.5,50.0,2011,-11.5,False
540,Drive,Independent,Thriller,93.0,79.0,76.17,15.0,2011,61.17,True
541,Drive Angry,Independent,Action,45.0,38.0,28.93,45.0,2011,-16.07,False
542,Dylan Dog: Dead of Night,Independent,Horror,6.0,28.0,4.63,20.0,2011,-15.370000000000001,False
543,Everything Must Go,Reliance,Drama,74.0,53.0,2.71,5.0,2011,-2.29,True
544,Extremely Loud and Incredibly Close,Warner Bros,Drama,47.0,62.0,55.247,40.0,2011,15.247,False
545,Fast Five,Universal,Action,78.0,83.0,626.13,125.0,2011,501.13,True
546,Final Destination 5,New Line,Horror,61.0,56.0,157.89,40.0,2011,117.88999999999999,True
547,Footloose,Spyglass Entertainment,Drama,71.0,71.0,63.54,24.0,2011,39.54,True
548,Friends With Benefits,Warner Bros,Romance,71.0,68.0,149.54,35.0,2011,114.53999999999999,True
549,Fright Night,DreamWorks,Horror,75.0,68.0,41.0,30.0,2011,11.0,True
550,Gnomeo and Juliet,Disney,Animation,56.0,52.0,193.97,36.0,2011,157.97,False
551,Green Lantern,Warner Bros,Action,27.0,48.0,219.85,200.0,2011,19.849999999999994,False
552,Hall Pass,Warner Bros,Comedy,35.0,44.0,83.16,36.0,2011,47.16,False
553,Hanna,Universal,Action,71.0,67.0,63.78,30.0,2011,33.78,True
554,Happy Feet 2,Village Roadshow,Animation,41.0,59.0,150.41,135.0,2011,15.409999999999997,False
555,Harry Potter and the Deathly Hallows Part 2,Warner Bros,Fantasy,96.0,92.0,1341.51,125.0,2011,1216.51,True
556,Hop,Relativity Media,Animation,26.0,50.0,183.95,63.0,2011,120.94999999999999,False
557,Horrible Bosses,Warner Bros,Comedy,69.0,72.0,209.64,35.0,2011,174.64,True
558,Hugo,Paramount,Adventure,93.0,84.0,185.769,150.0,2011,35.769000000000005,True
559,I Am Number Four,Paramount,Thriller,32.0,57.0,149.88,60.0,2011,89.88,False
560,Immortals,Relativity Media,Action,36.0,59.0,226.9,75.0,2011,151.9,False
561,In Time,Regency Enterprises,Thriller,38.0,55.0,173.93,40.0,2011,133.93,False
562,Insidious,Sony,Horror,67.0,65.0,97.01,1.5,2011,95.51,True
563,J.Edgar,Warner Bros,Drama,42.0,84.0,84.61,35.0,2011,49.61,False
564,Jack and Jill,Happy Madison,Comedy,4.0,59.0,149.68,79.0,2011,70.68,False
565,Johnny English Reborn,Relativity Media,Comedy,38.0,55.0,160.08,45.0,2011,115.08000000000001,False
566,Just Go With It,Happy Madison,Romance,19.0,63.0,214.95,80.0,2011,134.95,False
567,Killer Elite,Independent,Action,25.0,48.0,56.38,70.0,2011,-13.619999999999997,False
568,Kung Fu Panda 2,DreamWorks,Animation,82.0,80.0,665.69,150.0,2011,515.69,True
569,Larry Crowne,Universal,Drama,34.0,46.0,72.01,30.0,2011,42.010000000000005,False
570,Limitless,Virgin,Thriller,69.0,73.0,161.85,27.0,2011,134.85,True
571,Machine Gun Preacher,Lionsgate,Action,29.0,71.0,1.1,30.0,2011,-28.9,False
572,Margin Call,Independent,Thriller,86.0,73.0,19.5,3.5,2011,16.0,True
573,Mars Needs Moms,Disney,Animation,36.0,43.0,38.99,150.0,2011,-111.00999999999999,False
574,Midnight in Paris,Sony,Romance,93.0,84.0,151.12,17.0,2011,134.12,True
575,Mission Impossible 4,Paramount,Action,93.0,86.0,694.71,145.0,2011,549.71,True
576,Moneyball,Columbia,Drama,95.0,89.0,110.2,50.0,2011,60.2,True
577,Monte Carlo,Fox,Romance,38.0,50.0,39.67,20.0,2011,19.67,False
578,Mr. Popper's Penguins,Fox,Comedy,47.0,54.0,187.36,55.0,2011,132.36,False
579,My Week with Marilyn,Weinstein,Drama,83.0,84.0,35.06,10.0,2011,25.060000000000002,True
580,New Year's Eve,Warner Bros,Romance,8.0,48.0,142.04,56.0,2011,86.03999999999999,False
581,No Strings Attached,Spyglass Entertainment,Comedy,49.0,57.0,149.23,25.0,2011,124.22999999999999,False
582,One Day,Independent,Romance,37.0,54.0,59.39,15.0,2011,44.39,False
583,Our Idiot Brother,Weinstein,Comedy,68.0,79.0,24.82,5.0,2011,19.82,True
584,Paranormal Activity 3,Independent,Horror,68.0,58.0,207.04,5.0,2011,202.04,True
585,Paul,Relativity Media,Comedy,72.0,70.0,97.98,40.0,2011,57.980000000000004,True
586,Pirates of the Caribbean:On Stranger Tides,Disney,Action,34.0,61.0,1045.71,250.0,2011,795.71,False
587,Priest,Sony,Action,17.0,37.0,78.31,60.0,2011,18.310000000000002,False
588,Puss In Boots,DreamWorks,Animation,83.0,76.0,554.99,130.0,2011,424.99,True
589,Rango,Paramount,Animation,88.0,69.0,245.72,135.0,2011,110.72,True
590,Real Steel,DreamWorks,Action,58.0,81.0,299.27,110.0,2011,189.26999999999998,False
591,Red Riding Hood,Warner Bros,Horror,11.0,41.0,89.16,42.0,2011,47.16,False
592,Red State,Independent,Horror,57.0,59.0,1.1,4.0,2011,-2.9,False
593,Rio,Fox,Animation,71.0,73.0,484.63,90.0,2011,394.63,True
594,Rise of the Planet of the Apes,Fox,Action,83.0,87.0,481.74,93.0,2011,388.74,True
595,Sanctum,Relativity Media,Action,30.0,39.0,108.61,30.0,2011,78.61,False
596,Scream 4,Weinstein,Horror,58.0,57.0,97.14,40.0,2011,57.14,False
597,Season Of The Witch,Relativity Media,Action,10.0,32.0,91.63,40.0,2011,51.629999999999995,False
598,Shame,Independent,Drama,80.0,80.0,16.874,6.5,2011,10.373999999999999,True
599,Shark Night 3D,Relativity Media,Horror,16.0,25.0,40.14,25.0,2011,15.14,False
600,Sherlock Holmes 2,Warner Bros,Action,60.0,79.0,545.45,125.0,2011,420.45000000000005,True
601,Something Borrowed,Independent,Romance,52.0,61.0,60.18,35.0,2011,25.18,False
602,Soul Surfer,Sony,Drama,46.0,79.0,47.09,18.0,2011,29.090000000000003,False
603,Source Code,Summit,Thriller,92.0,81.0,147.33,32.0,2011,115.33000000000001,True
604,Spy Kids: All The Time in the World,Weinstein,Action,22.0,40.0,85.56,27.0,2011,58.56,False
605,Sucker Punch,Legendary Pictures,Action,23.0,48.0,89.79,82.0,2011,7.790000000000006,False
606,Super 8,Paramount,Horror,82.0,78.0,260.1,50.0,2011,210.10000000000002,True
607,Take Me Home Tonight,Relativity Media,Comedy,28.0,46.0,6.93,25.0,2011,-18.07,False
608,Take Shelter,Independent,Drama,92.0,85.0,3.13,5.0,2011,-1.87,True
609,The Adjustment Bureau,Independent,Thriller,72.0,67.0,127.87,50.2,2011,77.67,True
610,The Adventures of Tintin,Paramount,Adventure,74.0,78.0,373.993,130.0,2011,243.993,True
611,The Artist,Weinstein,Drama,97.0,91.0,133.432,16.0,2011,117.43199999999999,True
612,The Beaver,Summit,Drama,62.0,57.0,6.37,21.0,2011,-14.629999999999999,True
613,The Big Year,Independent,Comedy,38.0,62.0,7.45,41.0,2011,-33.55,False
614,The Change Up,Relativity Media,Comedy,24.0,53.0,75.45,52.0,2011,23.450000000000003,False
615,The Company Men,Weinstein,Drama,66.0,55.0,4.88,15.0,2011,-10.120000000000001,True
616,The Conspirator,Independent,Drama,56.0,65.0,15.48,25.0,2011,-9.52,False
617,The Debt,Universal,Thriller,76.0,70.0,45.64,20.0,2011,25.64,True
618,The Descendants,Fox,Drama,89.0,88.0,177.24,20.0,2011,157.24,True
619,The Dilemma,Spyglass Entertainment,Comedy,23.0,31.0,69.72,70.0,2011,-0.28000000000000114,False
620,The Eagle,Universal,Action,39.0,43.0,27.12,25.0,2011,2.120000000000001,False
621,The Girl With The Dragon Tattoo,Sony,Thriller,87.0,89.0,232.161,90.0,2011,142.161,True
622,The Green Hornet,Columbia,Action,44.0,47.0,227.82,120.0,2011,107.82,False
623,The Hangover Part II,Legendary Pictures,Comedy,35.0,58.0,586.76,80.0,2011,506.76,False
624,The Help,DreamWorks,Drama,75.0,91.0,216.64,25.0,2011,191.64,True
625,The Ides of March,Columbia,Thriller,85.0,76.0,75.99,12.5,2011,63.489999999999995,True
626,The Iron Lady,Weinstein,Drama,53.0,54.0,114.955,13.0,2011,101.955,False
627,The Lincoln Lawyer,Lionsgate,Drama,84.0,82.0,75.01,40.0,2011,35.010000000000005,True
628,The Mechanic,Independent,Action,53.0,52.0,51.07,40.0,2011,11.07,False
629,The Muppets,Disney,Comedy,97.0,87.0,165.18,45.0,2011,120.18,True
630,The Rite,Warner Bros,Horror,20.0,43.0,96.05,37.0,2011,59.05,False
631,The Roommate,Independent,Horror,4.0,29.0,40.49,16.0,2011,24.490000000000002,False
632,The Rum Diary,Independent,Drama,50.0,48.0,23.95,45.0,2011,-21.05,False
633,The Sitter,Fox,Comedy,22.0,43.0,34.941,25.0,2011,9.941000000000003,False
634,The Smurfs,Sony,Animation,23.0,50.0,563.75,110.0,2011,453.75,False
635,The Thing,Universal,Horror,36.0,52.0,27.43,38.0,2011,-10.57,False
636,The Three Musketeers,Independent,Action,24.0,48.0,132.27,75.0,2011,57.27000000000001,False
637,The Tree Of Life,Independent,Drama,84.0,61.0,54.3,32.0,2011,22.299999999999997,True
638,Thor,Disney,Action,77.0,80.0,449.32,150.0,2011,299.32,True
639,Tinker Tailor Soldier Spy,Focus,Thriller,83.0,68.0,80.63,21.0,2011,59.629999999999995,True
640,Tower Heist,Relativity Media,Comedy,68.0,61.0,152.92,75.0,2011,77.91999999999999,True
641,Transformers: Dark of the Moon,DreamWorks,Action,35.0,67.0,1123.79,195.0,2011,928.79,False
642,Twilight: Breaking Dawn,Independent,Romance,26.0,68.0,712.17,110.0,2011,602.17,False
643,Unknown,Independent,Thriller,55.0,57.0,130.79,30.0,2011,100.78999999999999,False
644,War Horse,Disney,Drama,77.0,73.0,177.584,66.0,2011,111.584,True
645,Warrior,Lionsgate,Action,83.0,93.0,23.06,25.0,2011,-1.9400000000000013,True
646,Water For Elephants,Fox,Drama,60.0,72.0,117.09,38.0,2011,79.09,True
647,We Bought a Zoo,Fox,Comedy,63.0,79.0,120.081,50.0,2011,70.081,True
648,What's Your Number,Fox,Comedy,24.0,50.0,30.43,20.0,2011,10.43,False
649,Winnie The Pooh,Disney,Animation,91.0,79.0,33.15,30.0,2011,3.1499999999999986,True
650,X-Men: First Class,Disney,Action,87.0,88.0,353.62,160.0,2011,193.62,True
651,Your Highness,Universal,Comedy,26.0,36.0,24.86,49.9,2011,-25.04,False
652,Zookeeper,Happy Madison,Comedy,14.0,42.0,169.85,80.0,2011,89.85,False
653,21 Jump Street,Sony,Desconocido,85.0,82.0,201.59,42.0,2012,159.59,True
656,Abraham Lincoln: Vampire Hunter,Fox,Desconocido,35.0,51.0,116.47,69.0,2012,47.47,False
659,American Reunion,Universal,Desconocido,44.0,63.0,234.99,50.0,2012,184.99,False
661,Anna Karenina,Focus,Desconocido,63.0,51.0,68.93,31.0,2012,37.93000000000001,True
662,Arbitrage,Roadside Attractions,Desconocido,87.0,63.0,35.49,12.0,2012,23.490000000000002,True
663,Argo,Warner Bros,Desconocido,96.0,90.0,232.33,45.0,2012,187.33,True
666,Battleship,Universal,Desconocido,34.0,55.0,303.03,209.0,2012,94.02999999999997,False
667,Beasts of the Southern Wild,Fox Searchlight,Desconocido,86.0,76.0,12.8,2.0,2012,10.8,True
668,Big Miracle,Universal,Desconocido,74.0,64.0,24.72,40.0,2012,-15.280000000000001,True
669,Brave,Buena Vista,Desconocido,78.0,76.0,538.98,185.0,2012,353.98,True
674,Chernobyl Diaries,Warner Bros,Desconocido,19.0,29.0,37.16,1.0,2012,36.16,False
675,Chronicle (2012),Fox,Desconocido,85.0,71.0,126.64,12.0,2012,114.64,True
676,Cloud Atlas,Warner Bros,Desconocido,66.0,67.0,130.48,102.0,2012,28.47999999999999,True
677,Contraband,Universal,Desconocido,51.0,58.0,96.26,25.0,2012,71.26,False
680,Dark Shadows,Warner Bros,Desconocido,38.0,46.0,245.53,150.0,2012,95.53,False
681,Diary of a Wimpy Kid: Dog Days,Fox,Desconocido,51.0,64.0,77.11,22.0,2012,55.11,False
682,Django Unchained,Weinstein,Desconocido,88.0,92.0,425.37,100.0,2012,325.37,True
683,Dr. Seuss' The Lorax,Universal,Desconocido,54.0,64.0,348.84,70.0,2012,278.84,False
684,Dredd,Lionsgate,Desconocido,78.0,72.0,35.63,50.0,2012,-14.369999999999997,True
686,End of Watch,Open Road,Desconocido,85.0,86.0,48.13,7.0,2012,41.13,True
689,Flight,Paramount,Desconocido,78.0,75.0,161.77,31.0,2012,130.77,True
692,Frankenweenie,Buena Vista,Animation,87.0,70.0,81.49,39.0,2012,42.489999999999995,True
694,Ghost Rider: Spirit of Vengeance,Sony,Desconocido,17.0,32.0,132.56,57.0,2012,75.56,False
697,Haywire,Relativity Media,Action,80.0,40.0,33.37,23.0,2012,10.369999999999997,True
699,Hope Springs,Sony,Desconocido,74.0,56.0,114.28,30.0,2012,84.28,True
700,Hotel Transylvania,Sony,Desconocido,45.0,72.0,358.38,85.0,2012,273.38,False
701,House at the End of The Street,Relativity Media,Desconocido,10.0,42.0,39.46,10.0,2012,29.46,False
705,Ice Age: Continental Drift,Fox,Desconocido,37.0,63.0,877.24,95.0,2012,782.24,False
707,Jack Reacher,Paramount,Desconocido,61.0,67.0,218.34,60.0,2012,158.34,True
710,John Carter,Buena Vista,Desconocido,51.0,60.0,284.14,250.0,2012,34.139999999999986,False
711,Journey 2: The Mysterious Island,Warner Bros,Desconocido,52.0,60.0,335.26,79.0,2012,256.26,False
712,Katy Perry: Part of Me,Paramount,Desconocido,78.0,73.0,32.73,12.0,2012,20.729999999999997,True
715,Killing Them Softly,Weinstein,Desconocido,75.0,44.0,37.93,15.0,2012,22.93,True
717,Lawless,Weinstein,Desconocido,67.0,75.0,53.68,26.0,2012,27.68,True
718,Les Miserables (2012),Universal,Desconocido,70.0,79.0,441.81,61.0,2012,380.81,True
719,Life of Pi,Fox,Desconocido,87.0,85.0,609.02,120.0,2012,489.02,True
720,Lincoln,Buena Vista,Desconocido,90.0,81.0,275.29,65.0,2012,210.29000000000002,True
721,Looper,TriStar,Desconocido,93.0,82.0,176.51,30.0,2012,146.51,True
722,Madagascar 3: Europe's Most Wanted,DreamWorks,Animation,79.0,73.0,746.92,145.0,2012,601.92,True
723,Magic Mike,Warner Bros,Desconocido,80.0,61.0,167.22,7.0,2012,160.22,True
724,Man on a Ledge,Summit,Action,32.0,52.0,46.22,42.0,2012,4.219999999999999,False
726,Marvel's The Avengers,Buena Vista,Desconocido,92.0,91.0,1518.59,220.0,2012,1298.59,True
727,MIB 3,Sony,Desconocido,70.0,71.0,624.03,225.0,2012,399.03,True
728,Mirror Mirror,Relativity Media,Desconocido,49.0,45.0,166.17,85.0,2012,81.16999999999999,False
730,Moonrise Kingdom,Focus,Desconocido,94.0,86.0,22.75,16.0,2012,6.75,True
733,Paranormal Activity 4,Paramount,Horror,24.0,36.0,142.84,5.0,2012,137.84,False
734,ParaNorman,Focus,Desconocido,87.0,72.0,107.14,60.0,2012,47.14,True
735,Parental Guidance,Fox,Desconocido,18.0,61.0,119.77,25.0,2012,94.77,False
736,Pitch Perfect,Universal,Desconocido,81.0,83.0,113.04,17.0,2012,96.04,True
737,Premium Rush,Sony,Desconocido,76.0,60.0,31.08,35.0,2012,-3.9200000000000017,True
738,Prometheus,Fox,Desconocido,74.0,69.0,403.35,130.0,2012,273.35,True
741,Red Dawn (2012),FilmDistrict,Action,12.0,52.0,44.81,65.0,2012,-20.189999999999998,False
742,Red Tails,Fox,Desconocido,40.0,58.0,50.37,58.0,2012,-7.630000000000003,False
743,Resident Evil: Retribution,Screen Gems,Action,31.0,51.0,240.16,65.0,2012,175.16,False
744,Rise of the Guardians,DreamWorks,Desconocido,74.0,81.0,306.94,145.0,2012,161.94,True
746,Rock of Ages,Warner Bros,Musical,41.0,55.0,59.42,75.0,2012,-15.579999999999998,False
749,Safe (2012),Lionsgate,Desconocido,57.0,60.0,40.35,30.0,2012,10.350000000000001,False
750,Safe House,Universal,Desconocido,53.0,64.0,208.08,85.0,2012,123.08000000000001,False
752,Salmon Fishing in the Yemen,CBS,Desconocido,67.0,64.0,34.56,15.0,2012,19.560000000000002,True
754,Savages (2012),Universal,Desconocido,51.0,55.0,82.97,45.0,2012,37.97,False
757,Seven Psychopaths,CBS,Desconocido,83.0,71.0,19.42,15.0,2012,4.420000000000002,True
758,Silver Linings Playbook,Weinstein,Desconocido,92.0,86.0,236.41,21.0,2012,215.41,True
760,Sinister,Summit,Horror,63.0,61.0,77.71,3.0,2012,74.71,True
761,Skyfall,Sony,Desconocido,92.0,86.0,1108.56,200.0,2012,908.56,True
763,Snow White and the Huntsman,Universal,Desconocido,48.0,52.0,396.59,170.0,2012,226.58999999999997,False
764,Sparkle (2012),TriStar,Desconocido,57.0,65.0,24.64,14.0,2012,10.64,False
765,Step Up Revolution,Summit,Romance,42.0,69.0,140.47,33.0,2012,107.47,False
766,Taken 2,Fox,Desconocido,21.0,54.0,376.14,45.0,2012,331.14,False
768,Ted,Universal,Desconocido,68.0,74.0,549.37,50.0,2012,499.37,True
769,That's My Boy,Sony,Desconocido,20.0,53.0,57.72,70.0,2012,-12.280000000000001,False
770,The Amazing Spider-Man,Sony,Desconocido,73.0,77.0,752.22,230.0,2012,522.22,True
772,The Best Exotic Marigold Hotel,Fox Searchlight,Desconocido,78.0,79.0,136.84,10.0,2012,126.84,True
773,The Bourne Legacy,Universal,Desconocido,56.0,58.0,276.14,125.0,2012,151.14,False
774,The Cabin in the Woods,Lionsgate,Horror,92.0,73.0,66.49,30.0,2012,36.489999999999995,True
778,The Dark Knight Rises,Warner Bros,Desconocido,88.0,90.0,1084.44,250.0,2012,834.44,True
779,The Devil Inside,Paramount,Desconocido,6.0,22.0,101.76,1.0,2012,100.76,False
780,The Dictator,Paramount,Desconocido,57.0,45.0,179.38,65.0,2012,114.38,False
781,The Expendables 2,Lionsgate,Desconocido,65.0,68.0,305.43,100.0,2012,205.43,True
782,The Five-Year Engagement,Universal,Desconocido,63.0,52.0,53.91,30.0,2012,23.909999999999997,True
783,The Grey,Open Road,Desconocido,79.0,61.0,77.28,25.0,2012,52.28,True
784,The Guilt Trip,Paramount,Desconocido,38.0,40.0,41.86,40.0,2012,1.8599999999999994,False
785,The Hobbit: An Unexpected Journey,Warner Bros,Desconocido,65.0,83.0,1017.0,200.0,2012,817.0,True
786,The Hunger Games,Lionsgate,Desconocido,84.0,81.0,691.25,78.0,2012,613.25,True
787,The Impossible,Summit,Desconocido,81.0,85.0,180.27,30.0,2012,150.27,True
788,The Lucky One,Warner Bros,Desconocido,20.0,68.0,99.36,25.0,2012,74.36,False
789,The Master,Weinstein,Desconocido,85.0,59.0,28.26,32.0,2012,-3.7399999999999984,True
790,The Perks of Being a Wallflower,Summit,Desconocido,85.0,89.0,33.38,13.0,2012,20.380000000000003,True
791,The Pirates! Band of Misfits,Sony,Desconocido,86.0,60.0,123.05,55.0,2012,68.05,True
792,The Possession,Lionsgate,Desconocido,40.0,49.0,85.45,14.0,2012,71.45,False
796,The Three Stooges,Fox,Desconocido,52.0,49.0,54.82,30.0,2012,24.82,False
797,The Twilight Saga: Breaking Dawn Part 2,Summit,Desconocido,48.0,71.0,829.69,120.0,2012,709.69,False
798,The Vow,Screen Gems,Desconocido,29.0,63.0,196.11,30.0,2012,166.11,False
799,The Watch,Fox,Desconocido,17.0,40.0,68.27,68.0,2012,0.269999999999996,False
800,The Woman in Black,CBS,Desconocido,66.0,55.0,127.73,17.0,2012,110.73,True
801,This Is 40,Universal,Desconocido,51.0,51.0,88.06,35.0,2012,53.06,False
802,Total Recall (2012),Sony,Desconocido,30.0,47.0,198.47,125.0,2012,73.47,False
803,Underworld Awakening,Screen Gems,Desconocido,26.0,62.0,160.11,70.0,2012,90.11000000000001,False
804,What to Expect When You're Expecting,Lionsgate,Desconocido,22.0,48.0,84.38,40.0,2012,44.379999999999995,False
806,Wrath of the Titans,Warner Bros,Desconocido,25.0,49.0,305.27,150.0,2012,155.26999999999998,False
807,Wreck-It Ralph,Buena Vista,Desconocido,86.0,87.0,471.22,165.0,2012,306.22,True
809,Zero Dark Thirty,Sony,Desconocido,93.0,80.0,132.82,40.0,2012,92.82,True
811,The Fifth Estate,Buena Vista,Desconocido,37.0,40.0,8.56,28.0,2013,-19.439999999999998,False
812,Parker,FilmDistrict,Desconocido,41.0,49.0,46.22,35.0,2013,11.219999999999999,False
813,The To-Do List,CBS,Desconocido,52.0,48.0,3.57,1.5,2013,2.07,False
814,Grown Ups 2,Sony,Desconocido,7.0,55.0,246.98,80.0,2013,166.98,False
815,After Earth,Sony,Desconocido,11.0,38.0,243.84,130.0,2013,113.84,False
816,Captain Phillips,Sony,Desconocido,93.0,92.0,216.49,55.0,2013,161.49,True
817,Escape Plan,Summit,Desconocido,49.0,59.0,133.38,50.0,2013,83.38,False
818,Prisoners,Warner Bros,Desconocido,82.0,88.0,122.13,46.0,2013,76.13,True
819,Stoker,Fox Searchlight,Desconocido,68.0,61.0,12.08,12.0,2013,0.08000000000000007,True
820,Walking with Dinosaurs,Fox,Desconocido,25.0,41.0,113.19,80.0,2013,33.19,False
821,Love is All You Need,Sony,Desconocido,74.0,60.0,10.02,5.5,2013,4.52,True
822,The Kings of Summer,CBS,Desconocido,76.0,77.0,1.32,2.0,2013,-0.6799999999999999,True
823,Iron Man 3,Buena Vista,Action,78.0,80.0,1215.44,200.0,2013,1015.44,True
824,Despicable Me 2,Universal,Desconocido,74.0,85.0,964.76,76.0,2013,888.76,True
825,THG: Catching Fire,Lionsgate,Action,90.0,92.0,855.9,130.0,2013,725.9,True
826,The Desolation of Smaug,Warner Bros,Desconocido,75.0,85.0,847.33,225.0,2013,622.33,True
827,Frozen,Buena Vista,Desconocido,89.0,89.0,810.4,150.0,2013,660.4,True
828,Fast & Furious 6,Universal,Action,69.0,84.0,788.68,160.0,2013,628.68,True
829,Monsters University,Buena Vista,Desconocido,78.0,83.0,743.56,200.0,2013,543.56,True
830,Gravity,Warner Bros,Desconocido,97.0,85.0,688.51,100.0,2013,588.51,True
831,Man of Steel,Warner Bros,Action,55.0,76.0,668.05,225.0,2013,443.04999999999995,False
832,Thor: The Dark World,Buena Vista,Desconocido,65.0,83.0,632.91,170.0,2013,462.90999999999997,True
833,The Croods,Fox,Desconocido,70.0,79.0,587.2,135.0,2013,452.20000000000005,True
834,World War Z,Paramount,Desconocido,67.0,73.0,540.01,190.0,2013,350.01,True
835,Oz The Great & Powerful,Buena Vista,Desconocido,59.0,57.0,493.31,215.0,2013,278.31,False
836,Star Trek Into Darkness,Paramount,Desconocido,87.0,90.0,467.37,190.0,2013,277.37,True
837,The Wolverine,Fox,Desconocido,69.0,70.0,414.83,120.0,2013,294.83,True
838,Pacific Rim,Warner Bros,Desconocido,71.0,78.0,411.0,190.0,2013,221.0,True
839,G.I. Joe: Retaliation,Paramount,Desconocido,28.0,49.0,375.74,130.0,2013,245.74,False
840,The Hangover Part III,Warner Bros,Desconocido,19.0,45.0,362.0,103.0,2013,259.0,False
841,Now You See Me,Summit,Thriller,50.0,71.0,351.72,75.0,2013,276.72,False
842,The Great Gatsby,Warner Bros,Desconocido,49.0,68.0,351.04,105.0,2013,246.04000000000002,False
843,The Smurfs 2,Sony,Desconocido,14.0,58.0,347.55,105.0,2013,242.55,False
844,The Conjuring,Warner Bros,Horror,86.0,83.0,318.0,20.0,2013,298.0,True
845,A Good Day to Die Hard,Fox,Desconocido,14.0,42.0,304.65,92.0,2013,212.64999999999998,False
846,Oblivion,Universal,Desconocido,53.0,61.0,286.17,120.0,2013,166.17000000000002,False
847,Elysium,TriStar,Desconocido,68.0,60.0,286.14,115.0,2013,171.14,True
848,Turbo,Fox,Desconocido,67.0,67.0,282.57,135.0,2013,147.57,True
849,We're the Millers,Warner Bros,Desconocido,47.0,73.0,269.99,37.0,2013,232.99,False
850,Epic,Fox,Desconocido,64.0,66.0,268.43,100.0,2013,168.43,True
851,The Lone Ranger,Buena Vista,Desconocido,31.0,55.0,260.5,215.0,2013,45.5,False
852,Cloudy with a Chance of Meatballs 2,Sony,Desconocido,70.0,66.0,257.77,78.0,2013,179.76999999999998,True
853,The Heat,Fox,Desconocido,66.0,73.0,229.93,43.0,2013,186.93,True
854,Hansel & Gretel,Paramount,Desconocido,15.0,54.0,225.7,50.0,2013,175.7,False
855,Planes,Buena Vista,Desconocido,26.0,51.0,219.79,50.0,2013,169.79,False
856,White House Down,Sony,Desconocido,50.0,63.0,205.37,150.0,2013,55.370000000000005,False
857,Percy Jackson: Sea of Monsters,Fox,Desconocido,40.0,58.0,199.85,90.0,2013,109.85,False
858,Jack the Giant Slayer,Warner Bros,Desconocido,52.0,56.0,197.69,195.0,2013,2.6899999999999977,False
859,The Wolf of Wall Street,Paramount,Desconocido,77.0,83.0,175.61,100.0,2013,75.61000000000001,True
860,Identity Thief,Universal,Desconocido,19.0,55.0,173.97,35.0,2013,138.97,False
861,The Secret Life of Walter Mitty,Fox,Desconocido,48.0,76.0,169.04,90.0,2013,79.03999999999999,False
862,Lee Daniels' The Butler,Weinstein,Desconocido,73.0,80.0,167.71,30.0,2013,137.71,True
863,Anchorman 2,Paramount,Desconocido,75.0,62.0,165.5,50.0,2013,115.5,True
864,American Hustle,Sony,Desconocido,93.0,79.0,162.4,40.0,2013,122.4,True
865,Insidious Chapter 2,FilmDistrict,Desconocido,37.0,60.0,161.5,5.0,2013,156.5,False
866,Olympus Has Fallen,FilmDistrict,Desconocido,48.0,68.0,161.03,70.0,2013,91.03,False
867,Bad Grandpa,Paramount,Desconocido,61.0,66.0,149.0,15.0,2013,134.0,True
868,Mama,Universal,Desconocido,66.0,57.0,146.43,15.0,2013,131.43,True
869,Red 2,Summit,Desconocido,42.0,64.0,142.08,84.0,2013,58.08000000000001,False
870,2 Guns,Universal,Desconocido,64.0,68.0,131.94,61.0,2013,70.94,True
871,12 years a slave,Fox Searchlight,Drama,96.0,92.0,128.18,20.0,2013,108.18,True
872,This is the End,Sony,Desconocido,83.0,73.0,126.04,32.0,2013,94.04,True
873,47 Ronin,Universal,Desconocido,12.0,56.0,121.76,175.0,2013,-53.239999999999995,False
874,Last Vegas,CBS,Desconocido,47.0,62.0,117.74,28.0,2013,89.74,False
875,Warm Bodies,Summit,Desconocido,80.0,74.0,116.98,35.0,2013,81.98,True
876,Ender's Game,Summit,Desconocido,61.0,72.0,112.23,110.0,2013,2.230000000000004,True
877,Gangster Squad,Warner Bros,Desconocido,32.0,59.0,105.2,60.0,2013,45.2,False
878,Riddick,Universal,Desconocido,58.0,56.0,98.34,38.0,2013,60.34,False
879,Evil Dead,TriStar,Desconocido,62.0,64.0,97.54,17.0,2013,80.54,True
880,42,Warner Bros,Desconocido,78.0,86.0,95.02,40.0,2013,55.019999999999996,True
881,Blue Jasmine,Sony,Desconocido,91.0,81.0,94.8,18.0,2013,76.8,True
882,Lone Survivor,Universal,Desconocido,74.0,61.0,93.91,40.0,2013,53.91,True
883,The Internship,Fox,Desconocido,34.0,54.0,93.49,58.0,2013,35.489999999999995,False
884,Saving Mr. Banks,Buena Vista,Desconocido,81.0,89.0,91.26,35.0,2013,56.260000000000005,True
885,Free Birds,Relativity Media,Animation,18.0,47.0,90.84,55.0,2013,35.84,False
886,The Mortal Instruments: City of Bones,Sony,Action,12.0,61.0,90.57,60.0,2013,30.569999999999993,False
887,Rush,Universal,Desconocido,89.0,92.0,90.25,38.0,2013,52.25,True
888,The Purge,Universal,Desconocido,37.0,37.0,89.33,3.0,2013,86.33,False
889,Pain and Gain,Paramount,Desconocido,49.0,48.0,86.18,26.0,2013,60.18000000000001,False
890,Philomena,Weinstein,Desconocido,92.0,91.0,84.87,12.0,2013,72.87,True
891,Carrie,Sony,Desconocido,49.0,48.0,84.03,30.0,2013,54.03,False
892,Scary Movie 5,Weinstein,Desconocido,4.0,41.0,78.38,20.0,2013,58.379999999999995,False
893,R.I.P.D.,Universal,Desconocido,13.0,39.0,78.32,130.0,2013,-51.68000000000001,False
894,The Best Man Holiday,Universal,Desconocido,67.0,90.0,71.63,17.0,2013,54.629999999999995,True
895,Safe Haven,Relativity Media,Desconocido,12.0,68.0,71.35,28.0,2013,43.349999999999994,False
896,The Counselor,Fox,Desconocido,34.0,25.0,70.24,25.0,2013,45.239999999999995,False
897,The Call,TriStar,Desconocido,43.0,66.0,68.57,13.0,2013,55.56999999999999,False
898,Side Effects,Open Road,Desconocido,84.0,71.0,63.37,30.0,2013,33.37,True
899,Runner Runner,Fox,Desconocido,9.0,34.0,62.68,30.0,2013,32.68,False
900,Beautiful Creatures,Warner Bros,Desconocido,37.0,34.0,60.05,60.0,2013,0.04999999999999716,False
901,A Haunted House,Open Road,Desconocido,10.0,54.0,59.94,2.5,2013,57.44,False
902,Kick-Ass 2,Universal,Desconocido,29.0,62.0,59.56,28.0,2013,31.560000000000002,False
903,Quartet,Weinstein,Desconocido,80.0,65.0,59.52,11.0,2013,48.52,True
904,The Last Stand,Lionsgate,Desconocido,60.0,55.0,48.33,45.0,2013,3.3299999999999983,True
905,The Host,Open Road,Desconocido,8.0,50.0,48.23,40.0,2013,8.229999999999997,False
906,The World's End,Focus,Desconocido,89.0,73.0,46.09,20.0,2013,26.090000000000003,True
907,21 and Over,Relativity Media,Desconocido,28.0,49.0,45.58,13.0,2013,32.58,False
908,Snitch,Summit,Desconocido,56.0,63.0,42.93,15.0,2013,27.93,False
909,Jobs,Open Road,Desconocido,27.0,85.0,35.93,12.0,2013,23.93,False
910,The Place Beyond the Pines,Focus,Desconocido,81.0,75.0,35.49,15.0,2013,20.490000000000002,True
911,August: Osage County,Weinstein,Desconocido,65.0,72.0,35.46,25.0,2013,10.46,True
912,Spring Breakers,A24,Desconocido,65.0,39.0,31.72,5.0,2013,26.72,True
913,Homefront,Open Road,Desconocido,40.0,66.0,31.36,22.0,2013,9.36,False
914,Delivery Man,Buena Vista,Desconocido,38.0,52.0,31.33,26.0,2013,5.329999999999998,False
915,Dallas Buyers Club,Focus,Drama,94.0,92.0,30.85,5.0,2013,25.85,True
916,Don Jon,Relativity Media,Desconocido,81.0,64.0,30.45,6.0,2013,24.45,True
917,Her,Warner Bros,Drama,94.0,85.0,30.37,23.0,2013,7.370000000000001,True
918,Movie 43,Relativity Media,Desconocido,4.0,25.0,29.93,6.0,2013,23.93,False
919,Grudge Match,Warner Bros,Desconocido,28.0,57.0,29.24,40.0,2013,-10.760000000000002,False
920,Mandela: Long Walk to Freedom,Weinstein,Desconocido,58.0,73.0,27.26,35.0,2013,-7.739999999999998,False
921,Dark Skies,Weinstein,Desconocido,39.0,50.0,26.42,3.5,2013,22.92,False
922,Enough Said,Fox Searchlight,Desconocido,96.0,78.0,24.42,8.0,2013,16.42,True
923,Trance,Fox Searchlight,Desconocido,68.0,64.0,24.26,20.0,2013,4.260000000000002,True
924,Inside Llewyn Davis,CBS,Desconocido,94.0,76.0,23.21,11.0,2013,12.21,True
925,"The Way, Way Back",Fox Searchlight,Desconocido,85.0,85.0,23.2,4.6,2013,18.6,True
926,Baggage Claim,Fox Searchlight,Desconocido,14.0,56.0,22.46,8.5,2013,13.96,False
927,The Big Wedding,Lionsgate,Desconocido,7.0,42.0,21.82,35.0,2013,-13.18,False
928,The Sapphires,Weinstein,Desconocido,91.0,76.0,20.42,9.0,2013,11.420000000000002,True
929,Broken City,Fox,Desconocido,28.0,42.0,19.7,35.0,2013,-15.3,False
930,The Bling Ring,A24,Desconocido,60.0,34.0,19.15,8.0,2013,11.149999999999999,True
932,Admission,Focus,Desconocido,38.0,34.0,18.01,13.0,2013,5.010000000000002,False
933,Fruitvale Station,Weinstein,Desconocido,94.0,92.0,17.03,1.0,2013,16.03,True
934,Battle of the Year,Sony,Desconocido,6.0,52.0,16.55,20.0,2013,-3.4499999999999993,False
935,The Last Exorcism Part II,CBS,Desconocido,16.0,27.0,15.18,5.0,2013,10.18,False
936,Machete Kills,Open Road,Desconocido,29.0,39.0,15.01,12.0,2013,3.01,False
937,Paranoia,Relativity Media,Desconocido,4.0,61.0,13.79,35.0,2013,-21.21,False
939,Nebraska,Paramount,Desconocido,92.0,86.0,11.72,12.0,2013,-0.27999999999999936,True
940,Out of the Furnace,Relativity Media,Desconocido,52.0,53.0,11.33,22.0,2013,-10.67,False
941,Before Midnight,Sony,Desconocido,98.0,82.0,11.18,3.0,2013,8.18,True
942,Getaway,Warner Bros,Desconocido,2.0,36.0,10.5,18.0,2013,-7.5,False
944,Black Nativity,Fox Searchlight,Desconocido,48.0,57.0,7.45,17.5,2013,-10.05,False
945,Blue Is the Warmest Color,IFC,Desconocido,90.0,87.0,7.37,5.5,2013,1.87,True
947,The Spectacular Now,A24,Desconocido,92.0,61.0,6.85,2.5,2013,4.35,True
948,All Is Lost,Roadside Attractions,Desconocido,93.0,66.0,6.26,8.5,2013,-2.24,True
949,Closed Circuit,Focus,Desconocido,42.0,33.0,5.75,19.0,2013,-13.25,False
950,The Company You Keep,Sony,Desconocido,55.0,45.0,5.13,2.0,2013,3.13,False
951,Oldboy,FilmDistrict,Desconocido,43.0,37.0,4.86,30.0,2013,-25.14,False
952,Frances Ha,IFC,Desconocido,93.0,78.0,4.07,7.0,2013,-2.9299999999999997,True
954,Stand Up Guys,Lionsgate,Desconocido,37.0,47.0,3.31,1.8,2013,1.51,False
955,In a World,Roadside Attractions,Desconocido,92.0,74.0,2.96,1.0,2013,1.96,True
956,The East,Fox Searchlight,Desconocido,74.0,66.0,2.4,6.5,2013,-4.1,True
958,Renoir,Samuel Goldwyn,Desconocido,68.0,57.0,2.29,6.0,2013,-3.71,True
959,Austenland,Sony,Desconocido,30.0,60.0,2.16,4.9,2013,-2.74,False
960,The Iceman,Millenium Entertainment,Desconocido,66.0,63.0,1.97,10.0,2013,-8.03,True
961,Girl Most Likely,Roadside Attractions,Desconocido,20.0,35.0,1.38,60.0,2013,-58.62,False
964,The Butler,Weinstein,Desconocido,73.0,79.0,167.74,30.0,2013,137.74,True
966,The Call,TriStar,Desconocido,43.0,66.0,68.57,13.0,2013,55.56999999999999,False
968,John Dies at the End,Magnolia,Desconocido,61.0,53.0,0.14,1.0,2013,-0.86,True
969,Lovelace,Radius-TWC,Biography,55.0,37.0,1.52,10.0,2013,-8.48,False
